seller_id,total_orders,total_returns,return_rate
001cca7ae9ae17fb1caed9dfb1094831,335,78,0.23283582089552238
002100f778ceb8431b7a1020ff7ab48f,58,7,0.1206896551724138
004c9cd9d87a3c30c522c48c4fc07416,185,25,0.13513513513513514
00720abe85ba0859807595bbf045a33b,58,6,0.10344827586206896
00ee68308b45bc5e2660cd833c3f81cc,290,29,0.1
00fc707aaaad2d31347cf883cd2dfe10,223,84,0.37668161434977576
010da0602d7774602cd1b3f5fb7b709e,25,25,1.0
013900e863eace745d3ec7614cab5b1a,27,1,0.037037037037037035
0176f73cc1195f367f7b32db1e5b3aa8,41,9,0.21951219512195122
01cf7e3d21494c41fb86034f2e714fa1,101,6,0.0594059405940594
01fd077212124329bac32490e8ef80d9,78,5,0.0641025641025641
01fdefa7697d26ad920e9e0346d4bd1b,137,7,0.051094890510948905
0241d4d5d36f10f80c644447315af0bd,272,33,0.1213235294117647
024b564ae893ce8e9bfa02c10a401ece,40,0,0.0
02c988090b766852e088c69d7fb3b551,38,3,0.07894736842105263
02d35243ea2e497335cd0f076b45675d,20,6,0.3
02ecc2a19303f05e59ce133fd923fff7,29,4,0.13793103448275862
02f5837340d7eb4f653d676c7256523a,30,1,0.03333333333333333
02f623a8eb246f3c5f7c2f96462654e6,44,2,0.045454545454545456
04308b1ee57b6625f47df1d56f00eedf,92,18,0.1956521739130435
0432ead42b6c8a0bdf68154add917fdf,92,6,0.06521739130434782
048c2757535328e0d7dac690ad3c0aae,51,7,0.13725490196078433
04aa0a1c5ce6b222003403a3e11c3cc0,41,17,0.4146341463414634
04e38a233f726ef161074ab1c9b0399a,41,2,0.04878048780487805
0509040ea3fe50071181bbc359eb7738,111,1,0.009009009009009009
054694fa03fe82cec4b7551487331d74,23,9,0.391304347826087
056b4ada5bbc2c50cc7842547dda6b51,66,11,0.16666666666666666
0570350b23eda5444f8d1d9544932058,33,0,0.0
058fd0aa2bfdb2274e05e1ae971dabb6,67,7,0.1044776119402985
05d2173d43ea568aa0540eba70d2ca76,65,11,0.16923076923076924
05f51e13da97139648b8125c31e5f51b,66,8,0.12121212121212122
05ff92fedb5be47920fea08e501238b9,65,3,0.046153846153846156
062ce95fa2ad4dfaedfc79260130565f,75,13,0.17333333333333334
06579cb253ecd5a3a12a9e6eb6bf8f47,101,43,0.42574257425742573
066a6914e1ebf3ea95a216c73a986b91,88,19,0.2159090909090909
0691148aee60ca47977c187804f935ae,70,16,0.22857142857142856
06a2c3af7b3aee5d69171b0e14f0ee87,410,64,0.15609756097560976
06df0c10d34e459d9672bc77388742eb,38,2,0.05263157894736842
06e5eefc71ec47ae763c5c6f8db7064f,99,15,0.15151515151515152
070d165398b553f3b4b851c216b8a358,62,13,0.20967741935483872
0725b8c0f3f906e58f70cbe76b7c748c,130,49,0.3769230769230769
0761743cbffb25d7148189e9f1a5f03a,27,0,0.0
079d295dcbf06ee8bb1b65ba964eb2b6,40,0,0.0
07bf9669d84d1f11be443a9dd938f698,36,20,0.5555555555555556
080102cd0a76b09e0dcf55fcacc60e05,140,5,0.03571428571428571
080199a181c46c657dc5aa235411be3b,85,1,0.011764705882352941
081acf3de680d554796c9cf041be7bc2,28,1,0.03571428571428571
082e0bf4cb865a6533b1e8e498cc0255,33,11,0.3333333333333333
08633c14ef2db992c11f840f04fad4cd,167,31,0.18562874251497005
0885aaf116795758dfeb5f1032487bcd,36,3,0.08333333333333333
08d2d642cf72b622b14dde1d2f5eb2f5,32,0,0.0
093805f8f2aeb63881444571e1f48f30,27,5,0.18518518518518517
094ced053e257ae8cae57205592d6712,20,3,0.15
099095b050cfe8eb1ddff5317587e96e,25,15,0.6
09f952a5f58d2285b0372551ae8f9b01,76,13,0.17105263157894737
0aa2205ca24f113f4658a5c536667426,45,36,0.8
0adac9fbd9a2b63cccaac4f8756c1ca8,255,14,0.054901960784313725
0afccdb8a34ee5c79f7c06faf2b4d56e,23,3,0.13043478260869565
0b18d63d0cd1d723567903fd34a07df2,30,0,0.0
0b35c634521043bf4b47e21547b99ab5,90,19,0.2111111111111111
0b36063d5818f81ccb94b54adfaebbf5,225,0,0.0
0b90b6df587eb83608a64ea8b390cf07,312,50,0.16025641025641027
0bae85eb84b9fb3bd773911e89288d54,175,17,0.09714285714285714
0bb738e4d789e63e2267697c42d35a2d,32,0,0.0
0be8ff43f22e456b4e0371b2245e4d01,220,38,0.17272727272727273
0bf0150d5b9d60d9cd2906003332f085,117,30,0.2564102564102564
0c7533c71df861ec58ad7ff999ed0e8d,101,16,0.15841584158415842
0c8380b62e38e8a1e6adbeba7eb9688c,278,38,0.1366906474820144
0cbcee27c791afa0cdcb08587a2013a8,43,5,0.11627906976744186
0d33a55da925bbf1ff02af5f6059fc7f,29,2,0.06896551724137931
0d85bbda9889ce1f7e63778d24f346eb,56,7,0.125
0db783cfcd3b73998abc6e10e59a102f,151,17,0.11258278145695365
0dd184061fb0eaa7ca37932c68ab91c5,273,46,0.1684981684981685
0df3984f9dfb3d49ac6366acbd3bbb85,97,11,0.1134020618556701
0ea22c1cfbdc755f86b9b54b39c16043,277,23,0.08303249097472924
0ebd97a106433a45a4aebe57c1799778,33,2,0.06060606060606061
0ed6ce5d87fd9c69eaacaeb778d67235,41,2,0.04878048780487805
0ef83d7d83ed97cd2a0049ac8be5f88a,72,9,0.125
0ffa40d54288e4f3499b8780dd0f144f,37,6,0.16216216216216217
10076e5788b8ee532724bcd460baf762,29,1,0.034482758620689655
1025f0e2d44d7041d6cf58b6550e0bfa,3034,655,0.2158866183256427
112453736dbe3889cfb74e1aaa0ba0c1,32,9,0.28125
1127b7f2594683f2510f1c2c834a486b,191,28,0.14659685863874344
11305281b50fff20ae8bb473f8e11876,45,3,0.06666666666666667
113e3a788b935f48aad63e1c41dac1bd,89,2,0.02247191011235955
116ccb1a1604bc88e4d234a8c23f33de,96,5,0.052083333333333336
11bfa66332777660bd0640ee84d47006,202,68,0.33663366336633666
128639473a139ac0f3e5f5ade55873a5,626,70,0.11182108626198083
12b9676b00f60f3b700e83af21824c0e,138,6,0.043478260869565216
13074f016982ff2bd6c58ced8682f000,20,1,0.05
1336efc61c316ddf92c899eb817f7cae,114,20,0.17543859649122806
1354d51653f645349064725ed204e85e,25,7,0.28
138dbe45fc62f1e244378131a6801526,84,16,0.19047619047619047
13d058e4eeac2ce8217660b2f8a05812,22,3,0.13636363636363635
13f57c12a00ed4610db646b913a7f5c6,36,0,0.0
1430239a858e7682bbc43b20758af153,26,5,0.19230769230769232
1464afc72f696af775557a821c2e253f,33,6,0.18181818181818182
14a08204d03bb6b6bde8029f801ae0eb,74,16,0.21621621621621623
14d7985702e72162bbf13b6beb74ab2b,38,3,0.07894736842105263
1554a68530182680ad5c8b042c3ab563,348,41,0.11781609195402298
157c3e4b42f81ac4a44e8b1ca2fe9876,59,5,0.0847457627118644
15aac934c58d886785ac1b17953ea898,26,4,0.15384615384615385
16090f2ca825584b5a147ab24aa30c86,421,61,0.14489311163895488
165b1235e9e9942cb5fae67103576fb0,38,0,0.0
165fc07beebdcb6190fba8a06db2a449,90,27,0.3
17306570e772e7718c92a562d33f5f1d,29,6,0.20689655172413793
1771297ac436903d1dd6b0e9279aa505,57,0,0.0
179d859f51292aac5c10806a356f7af9,21,1,0.047619047619047616
17a053fcb14bd219540cbde0df490be0,198,24,0.12121212121212122
17ca9b9e9b9ef8fdb529001b49ebb50f,166,27,0.16265060240963855
17e34d8224d27a541263c4c64b11a56b,316,62,0.1962025316455696
17f51e7198701186712e53a39c564617,71,5,0.07042253521126761
180c3376aff0e43dd5788709df48a843,40,1,0.025
1835b56ce799e6a4dc4eddc053f04066,742,200,0.2695417789757412
1838dd9b8977065acf51d95e0053ea7a,73,10,0.136986301369863
18a349e75d307f4b4cc646a691ed4216,194,69,0.3556701030927835
18e694e0e48ed6f7aa3f24aade5fd697,45,0,0.0
1900267e848ceeba8fa32d80c1a5f5a8,811,150,0.18495684340320592
1987cd4be10fe09ee50454f9c354d1c6,20,1,0.05
198c7ea11960a9844b544d9bcdca860c,25,6,0.24
1a3df491d1c4f1589fc2b934ada68bf2,216,19,0.08796296296296297
1a932caad4f9d804097d7f8e615baed1,74,42,0.5675675675675675
1b4c3a6f53068f0b6944d2d005c9fc89,129,29,0.2248062015503876
1b8356dabde1d35e17cef975c3f82730,61,7,0.11475409836065574
1b938a7ec6ac5061a66a3766e0e75f90,36,2,0.05555555555555555
1bb2bdb95f4841f1bba2c0d2cd83d3c9,88,4,0.045454545454545456
1c129092bf23f28a5930387c980c0dfc,275,35,0.12727272727272726
1c40343cc5d18c2d8248ac2f3366de34,24,0,0.0
1c68394e931a64f90ea236c5ea590300,238,33,0.13865546218487396
1ca7077d890b907f89be8c954a02686a,52,23,0.4423076923076923
1caf283236cd69af44cbc09a0a1e7d32,39,3,0.07692307692307693
1ce3ae5a399804d1a87e706f8a813c3e,55,16,0.2909090909090909
1d4587203296c8f4ad134dc286fa6db0,41,4,0.0975609756097561
1d503743d2526f03f0c2c89540ee008c,36,2,0.05555555555555555
1d8dbc4f32378d715c717c1c1fc57bae,103,22,0.21359223300970873
1da366cade6d8276e7d8beea7af5d4bf,58,10,0.1724137931034483
1da3aeb70d7989d1e6d9b0e887f97c23,473,107,0.226215644820296
1dc2de47ee26a0a5b12dc14fd6dc0dea,28,1,0.03571428571428571
1dfe5347016252a7884b694d4f10f5c4,38,15,0.39473684210526316
1e8b33f18b4f7598d87f5cbee2282cc2,191,38,0.19895287958115182
1eade46fba20122dc4aefb379f8c636b,126,11,0.0873015873015873
1f1bb1f0859883505541bdd6606193e5,34,2,0.058823529411764705
1f50f920176fa81dab994f9023523100,3469,897,0.25857595848947823
1f867308a0ce13133a4e639ff4de0c02,38,1,0.02631578947368421
1f9ab4708f3056ede07124aad39a2554,81,6,0.07407407407407407
1fbe10c70e30765ed1de86d9f7e98409,26,25,0.9615384615384616
1fe5540d7c1c37a595fefbacd5570d9e,35,4,0.11428571428571428
2009a095de2a2a41626f6c6d7722678d,28,9,0.32142857142857145
2089a6d640999f9b9141ac719b2af596,43,12,0.27906976744186046
20cb7c2fde3e5bf10f0bbe7394e1c6a9,104,25,0.2403846153846154
20d83f3ef0e6925fd74bfd59170babf7,65,4,0.06153846153846154
2138ccb85b11a4ec1e37afbd1c8eda1f,461,83,0.18004338394793926
213b25e6f54661939f11710a6fddb871,269,49,0.1821561338289963
2156f2671501a81034d7d07f217609d0,21,3,0.14285714285714285
218d46b86c1881d022bce9c68a7d4b15,493,58,0.11764705882352941
218f991754f360af9c2daa5e0b8e990c,25,6,0.24
2199e7fe213c16213bf5d6a7eadc9a5d,50,2,0.04
21e83881401b92b49fb09a16d3852291,60,0,0.0
229c3efbfb0ea2058de4ccdfbc3d784a,187,47,0.25133689839572193
232a6014e7b10cba61c6c2b2ea6bb4b0,41,7,0.17073170731707318
23613d49c3ac2bd302259e55c06c050c,99,38,0.3838383838383838
238fac594e170b59c6d228f5a4f4f1d9,31,4,0.12903225806451613
23a0ffca143a15b9b5bbdb7d552f626a,28,6,0.21428571428571427
23c38debaffe4a25a30fdbd9b586a13f,58,1,0.017241379310344827
23d7c96d4a1160db1c726b248601b25a,63,10,0.15873015873015872
240b9776d844d37535668549a396af32,35,3,0.08571428571428572
244c2f1bff6afe1f2eaf9bfe9b2aed38,48,8,0.16666666666666666
2528513dd95219a6013d4d05176e391a,180,29,0.16111111111111112
259f7b5e6e482c230e5bfaa670b6bb8f,227,37,0.16299559471365638
25c5c91f63607446a97b143d2d535d31,709,222,0.3131170662905501
25cf099de44674fde97473224f9d59ab,50,5,0.1
25e6ffe976bd75618accfe16cefcbd0d,146,14,0.0958904109589041
262237171f48e85819065498cac80d7b,36,0,0.0
2646baaf662d4d92ac48f047e35db92d,26,2,0.07692307692307693
26d8a1c7c75d513045798992ead43aa2,41,6,0.14634146341463414
26e2c91ef821e1ff8985f408788fe35b,26,15,0.5769230769230769
270297ead4c65a6cd2593960d2af6b21,21,8,0.38095238095238093
2709af9587499e95e803a6498a5a56e9,228,208,0.9122807017543859
270d3ef21830ad0ecf3a6c53d08a533a,71,29,0.4084507042253521
271c58a1d139c45eaf3316107c6d3a3b,27,4,0.14814814814814814
272f092de69afedd4d2969440b37f18f,70,10,0.14285714285714285
2745f798279e0ed033addcc1474776d7,32,4,0.125
276677b5d08786d5dce7c2149dcce48b,84,27,0.32142857142857145
282f23a9769b2690c5dda22e316f9941,144,4,0.027777777777777776
289cdb325fb7e7f891c38608bf9e0962,157,6,0.03821656050955414
28f10b1c5e5abb9d4857745bede6147c,28,5,0.17857142857142858
2a1348e9addc1af5aaa619b1a3679d6b,58,28,0.4827586206896552
2a261b5b644fa05f4f2700eb93544f2c,182,108,0.5934065934065934
2a5b78b41cd05baeac8df54c6606b92c,76,6,0.07894736842105263
2a61c271b1ac763450d846849783e922,40,11,0.275
2a6fbeaa7ab9e5d59a35841a8da71ce4,31,5,0.16129032258064516
2a7dc43cecabf23403078e2188437d1d,51,6,0.11764705882352941
2a84855fd20af891be03bc5924d2b453,169,15,0.08875739644970414
2b1a40c1daabc6ca280c4b815c101841,57,10,0.17543859649122806
2b3e4a2a3ea8e01938cabda2a3e5cc79,63,4,0.06349206349206349
2bf6a2c1e71bbd29a4ad64e6d3c3629f,32,4,0.125
2c4c47cb51acd5ea5db5e0ae0e26542a,21,0,0.0
2c9e548be18521d1c43cde1c582c6de8,311,84,0.27009646302250806
2d50d6282f8aa2257819a77bfaa0efe0,50,13,0.26
2dee2ce60de9709b1a24083217181a1f,58,6,0.10344827586206896
2e0dba2da448400b1c11d7b4b22f32a4,37,3,0.08108108108108109
2e13c71026e1a39ba5cc1b86dcb679aa,43,3,0.06976744186046512
2e1a7d075abe038c1b2743005fe42ff1,32,13,0.40625
2e1c9f22be269ef4643f826c9e650a52,191,25,0.13089005235602094
2e90cb1677d35cfe24eef47d441b7c87,166,39,0.23493975903614459
2eb70248d66e0e3ef83659f71b244378,211,96,0.4549763033175355
2ff97219cb8622eaf3cd89b7d9c09824,111,3,0.02702702702702703
3078096983cf766a32a06257648502d1,57,8,0.14035087719298245
30829ded4523ab9224b93bc49a62c95f,61,21,0.3442622950819672
3092c0b297aacfb4bb6e056ebe13b9b8,23,2,0.08695652173913043
30a2f535bb48308f991d0b9ad4a8c4bb,108,17,0.1574074074074074
30a81d8cf85fb2ada1b1b094c9583a95,28,0,0.0
31344c16881c08a8a72c6d2eb29918c1,49,4,0.08163265306122448
31561f325664a8a7aba4c8d0c3a9b3db,43,4,0.09302325581395349
318f287a62ab7ac10b703ac37435a231,80,14,0.175
31da954dc0855f2495c6310f70a2f931,32,3,0.09375
323ce52b5b81df2cd804b017b7f09aa7,26,2,0.07692307692307693
325f3178fb58e2a9778334621eecdbf9,47,4,0.0851063829787234
32b8764b4ef628b53608fc34011fcc13,45,2,0.044444444444444446
3340ef1913fb70d28420f6ceb685c339,70,5,0.07142857142857142
334cab711dee080b079fa5779b584783,92,0,0.0
33576ec5412fb5905d876f12f33bfde6,36,4,0.1111111111111111
3361277dc30b7cccdb0c286b24219756,74,2,0.02702702702702703
33a17d60c64393351ebf1ef860f4e0f2,56,1,0.017857142857142856
33a6f4b1e7cdc205511e76ba1b6e0186,183,21,0.11475409836065574
33ac3e28642ab8bda860a2f693000e78,37,4,0.10810810810810811
33c51922b6e3c16b24a8f28e5833c99d,20,2,0.1
34056b8b55c1775a22af2331670a799c,77,11,0.14285714285714285
343e716476e3748b069f980efbaa294e,23,5,0.21739130434782608
34d1ca11b242c0fee2c834ae8d788566,43,2,0.046511627906976744
3504c0cb71d7fa48d967e0e4c94d59d9,58,2,0.034482758620689655
3586b8580d9c917874e053a1bb37b5ff,61,5,0.08196721311475409
36a968b544695394e4e9d7572688598f,186,43,0.23118279569892472
373ee4a3a775a733770ca3f790b8b9ac,61,7,0.11475409836065574
37515688008a7a40ac93e3b2e4ab203f,257,27,0.10505836575875487
376a891762bbdecbc02b4b6adec3fdda,62,1,0.016129032258064516
3785b653b1b82de85ab47dd139938091,44,0,0.0
37be5a7c751166fbc5f8ccba4119e043,306,33,0.10784313725490197
381c83fdca332ea6afd896da20bf6e4a,48,5,0.10416666666666667
382229d1e840115ffe3dbf5ff460e417,57,5,0.08771929824561403
38e679b9e0064cd94c6f035707344dae,30,4,0.13333333333333333
391fc6631aebcf3004804e51b40bcf1e,784,138,0.1760204081632653
392353362d22cc2c236e1ee81ff19890,22,0,0.0
39a5005f2605cbdb4f9ac14485cabfd1,38,0,0.0
39d54ff918774174706fb065d7f9dc07,29,8,0.27586206896551724
39d61be7a92eb77b7da367bd4845bc0e,30,2,0.06666666666666667
3a734b715d333a2588a3d54a0c9b8746,51,0,0.0
3ab971ce71839580d2ae5b4e40fe8044,44,8,0.18181818181818182
3ade81dab5a172b88e1871c28ae05260,33,4,0.12121212121212122
3b15288545f8928d3e65a8f949a28291,177,57,0.3220338983050847
3b872fd4747f01cc56206f2934198618,30,4,0.13333333333333333
3bb548e3cb7f70f28e3f11ee9dce0e59,66,17,0.25757575757575757
3bdff180c7e1f6551a643b99c265a120,64,8,0.125
3be634553519fb6536a03e1358e9fdc7,139,33,0.23741007194244604
3c03b12bab54d8b37d79d914bfdb1aa0,56,10,0.17857142857142858
3c487ae8f8d7542beff5788e2e0aea83,46,18,0.391304347826087
3c4e0452bff7a2a788179488d3d77032,50,14,0.28
3c7c4a49ec3c6550809089c6a2ca9370,195,65,0.3333333333333333
3d0cd21d41671c46f82cd11176bf7277,35,0,0.0
3d5d0dc7073a299e31fa718ce1bc00b6,24,6,0.25
3d871de0142ce09b7081e2b9d1733cb1,1222,149,0.12193126022913257
3d8fa2f5b647373c8620330c4e077a9f,50,10,0.2
3db66a856d18a9cba7c9241fc5221c50,108,10,0.09259259259259259
3dbbce181edfaa4a597ec858c382d2ec,25,2,0.08
3df020b72d3d44b3af9d110fa3940b65,279,41,0.14695340501792115
3f3486b61f45078d4f31ee5e43d8c5bb,43,3,0.06976744186046512
3f8034bfc6b8b4135534975d49f04c63,23,17,0.7391304347826086
3f995f07c49d0d55a99d5c54957f7d81,45,4,0.08888888888888889
3fac58ce0ad699020c7944d53c41329c,22,1,0.045454545454545456
3fd1e727ba94cfe122d165e176ce7967,39,6,0.15384615384615385
404e1ba01358af4cd63f679b2c4d1fa1,23,0,0.0
406822777a0b9eb5c50e442dd4cd3ec5,54,5,0.09259259259259259
40d54b51e962dbe09cabbcfd33298dee,36,9,0.25
411f3b52d857390502ee4e4d5ceabc2d,56,3,0.05357142857142857
412a4720f3e9431b4afa1476a1acddbe,24,2,0.08333333333333333
41b39e28db005d9731d9d485a83b4c38,346,41,0.11849710982658959
41c2bad7229b0c25e6becf179ebf63ff,23,0,0.0
41da412d33e8da4f22baf55cb1bde82c,31,0,0.0
4200ddf1967c5e41e48db62bc6d4b5ac,49,8,0.16326530612244897
42b729f859728f5079499127a9c2ef37,227,42,0.18502202643171806
42bde9fef835393bb8a8849cb6b7f245,49,5,0.10204081632653061
42ef3192a9ff87a22d1867b74b3ee205,24,1,0.041666666666666664
430315b7bb4b6e4b3c978f9dfa9b0558,23,4,0.17391304347826086
4305fe92735c8a43d154ff6dd2b8d927,21,3,0.14285714285714285
431af27f296bc6519d890aa5a05fdb11,143,43,0.3006993006993007
4324dd16853115efb0fd9d0d131ba6f4,33,2,0.06060606060606061
432c37c9dfba871172ec162e20118b8c,85,8,0.09411764705882353
4371b634e0efc0e22b09b52907d9d469,137,15,0.10948905109489052
439a47cc365d6e3bd526812ea9de3c29,29,4,0.13793103448275862
43f8c9950d11ecd03a0304a49e010da6,44,1,0.022727272727272728
44073f8b7e41514de3b7815dd0237f4f,175,37,0.21142857142857144
440dd6ab244315c632130ecfb63827b1,98,15,0.15306122448979592
4559697a8f7e637227c2eeaed843baff,42,5,0.11904761904761904
45ba18c210d42734ec52c0c1c574e9ee,48,8,0.16666666666666666
45d33f715e24d15a6ccf5c17b3a23e3c,65,6,0.09230769230769231
46dc3b2cc0980fb8ec44634e21d2718e,540,63,0.11666666666666667
4736e9d642ef4257cd7622516931eb51,31,2,0.06451612903225806
48162d548f5b1b11b9d29d1e01f75a61,168,35,0.20833333333333334
4830e40640734fc1c52cd21127c341d4,234,31,0.13247863247863248
48436dade18ac8b2bce089ec2a041202,170,25,0.14705882352941177
4869f7a5dfa277a7dca6462dcf3b52b2,1208,171,0.14155629139072848
48e954b2da4f6a750c844173b347ed40,26,0,0.0
48efc9d94a9834137efd9ea76b065a38,34,0,0.0
49067458c68f7701fd334ce326accbe0,35,13,0.37142857142857144
4917cee8d902e13428c3ec4b1ca6f315,33,4,0.12121212121212122
49383af7ab774e4e8f3000f49c83dc4b,26,0,0.0
4978a02ea9c8be7a9b5480680f40334e,21,5,0.23809523809523808
4992e76a42cb3aad7a7047e0d3d7e729,126,13,0.10317460317460317
4a1f694197d05fe70026b016a7316b41,29,9,0.3103448275862069
4a3ca9315b744ce9f8e9374361493884,2367,478,0.20194338825517533
4a3ccda38b2129705f3fb522db62ca31,96,28,0.2916666666666667
4aba391bc3b88717ce08eb11e44937b2,31,5,0.16129032258064516
4b0fdb526525f9890eb145bf1534640e,25,6,0.24
4b5f66b7adcf57f1ecc0d3c07dd6b177,89,11,0.12359550561797752
4b9750c8ad28220fe6702d4ecb7c898f,235,18,0.07659574468085106
4bf2f4ee540798a61f9636d12cd9cc80,32,3,0.09375
4bfc7a4a1cf8d4d2121c27422d9e50b5,76,21,0.27631578947368424
4c03b9dd4c11ee2cb35c96c49efc9420,49,7,0.14285714285714285
4c18691b6037662be2df78a765d98ab5,76,14,0.18421052631578946
4c2b230173bb36f9b240f2b8ac11786e,615,212,0.34471544715447155
4c498c7345e89aebad651544829beca0,47,4,0.0851063829787234
4c8b8048e33af2bf94f2eb547746a916,25,7,0.28
4d6d651bd7684af3fffabd5f08d12e5a,461,61,0.13232104121475055
4da0e408c99d2fdc2126dc9fce518060,81,6,0.07407407407407407
4e06067cc08b3f41d837768d392c3ee3,47,9,0.19148936170212766
4e17c65a516f69d023a2ae78b84f28d6,110,27,0.24545454545454545
4e5725ba188db8252977a4f0227bd462,29,10,0.3448275862068966
4e7c18b98d84e05cbae3ff0ff03846c2,101,18,0.1782178217821782
4e922959ae960d389249c378d1c939f5,528,129,0.24431818181818182
4ebdc7e6cd6102a022dadc49156d4ea8,32,7,0.21875
5011f0d93373a4c5753adf58ca77af8d,55,16,0.2909090909090909
503c1de08ae81a2d86f17951b204db55,22,1,0.045454545454545456
5058e8c1e82653974541e83690655b4a,114,57,0.5
5075aaa8404020ae6aa8bf4792099b41,29,1,0.034482758620689655
50c9975695009e5e6473912e83a6d1da,107,15,0.14018691588785046
5160d23075764e18e07c1f4a87fad743,38,3,0.07894736842105263
516e7738bd8f735ac19a010ee5450d8d,102,5,0.049019607843137254
520b493b57809f446cb0a233bb3e25c7,58,4,0.06896551724137931
522620dcb18a6b31cd7bdf73665113a9,200,38,0.19
527801b552d0077ffd170872eb49683b,99,9,0.09090909090909091
52d76513f0c4d97f3b99570e2c94ee31,41,3,0.07317073170731707
52f0fe436a347ddad7ed5f9aa4e27eaa,27,11,0.4074074074074074
52f9db5cfb423382a2fa5c9e39303202,23,2,0.08695652173913043
530ec6109d11eaaf87999465c6afee01,117,18,0.15384615384615385
53243585a1d6dc2643021fd1853d8905,615,63,0.1024390243902439
5343d0649eca2a983820bfe93fc4d17e,221,82,0.37104072398190047
537eb890efff034a88679788b647c564,197,26,0.1319796954314721
53b0300ca793f9834cd69c0678d35ee8,24,0,0.0
53e4c6e0f4312d4d2107a8c9cddf45cd,645,106,0.16434108527131783
542917da124346b47ea1ac79a93ce454,21,3,0.14285714285714285
54965bbe3e4f07ae045b90b0b8541f52,86,37,0.43023255813953487
54a1852d1b8f10312c55e906355666ee,221,17,0.07692307692307693
54c04bdb5ec46762f8f08c7e8f86ed4a,21,2,0.09523809523809523
55a5b51f93f2b70ea513f5a047b0262a,46,2,0.043478260869565216
55d3daac7c404d59e51c2aa2f4dc5a23,44,10,0.22727272727272727
55f7a3319d80f7fdf078b8f03e6725fe,22,4,0.18181818181818182
562fc2f2c2863ab7e79a9e4388a58a14,279,25,0.08960573476702509
5656537e588803a555b8eb41f07a944b,225,57,0.25333333333333335
56642bcb79900e777d68e91915cb4267,93,42,0.45161290322580644
5670f4db5b62c43d542e1b2d56b0cf7c,22,2,0.09090909090909091
56e361f411e38dcef17cdc2a3d99628b,40,1,0.025
575df70bde3f9f2b30bf8d2e9910d725,55,7,0.12727272727272726
57c764b4a836300be881e2ff86e449f9,36,3,0.08333333333333333
57e632711dec9ec14ca7546769483e7e,72,3,0.041666666666666664
582d4f8675b945722eda7c0cb61ba4c7,121,9,0.0743801652892562
58f1a6197ed863543e0136bdedb3fce2,45,6,0.13333333333333333
594f9aaa48e5bf431f011ddc5669b0d5,46,1,0.021739130434782608
59b22a78efb79a4797979612b885db36,149,33,0.2214765100671141
59fb871bf6f4522a87ba567b42dafecf,136,12,0.08823529411764706
5a8e7d5003a1f221f9e1d6e411de7c23,296,28,0.0945945945945946
5a93f3ab0ef4c84ed5e1b5dbf23978bc,56,1,0.017857142857142856
5b0cc932433fa5184b5b94bfe6bcc256,51,34,0.6666666666666666
5b179e9e8cc7ab6fd113a46ca584da81,43,15,0.3488372093023256
5b581417df4480f632484ba681e53944,20,3,0.15
5b664594895aefb418afaee6d40a9a23,40,14,0.35
5b67882648febfb6e1225e6ad7164f6b,39,4,0.10256410256410256
5b8154610ebb21fb90eb587365e673df,50,5,0.1
5b85809efd0d0e4dea1a9544e1280ed9,20,1,0.05
5b925e1d006e9476d738aa200751b73b,68,3,0.04411764705882353
5bc55dbe2f12b6af6d83ed46023e0dc8,31,18,0.5806451612903226
5bffbafbb22daf6d3bfc216a46db8708,27,0,0.0
5c243662ce92d84573bfaff24c3e3700,105,13,0.12380952380952381
5c6d4016c2a288f074fa0848a2b653d2,41,4,0.0975609756097561
5cbbd5a299cab112b7bf23862255e43e,51,4,0.0784313725490196
5cf13accae3222c70a9cac40818ae839,172,12,0.06976744186046512
5d0363b33554b373851fc1622e4d5f3c,99,11,0.1111111111111111
5d3bb11474a06bdc23fb9e89f1164ee0,32,5,0.15625
5dceca129747e92ff8ef7a997dc4f8ca,402,79,0.19651741293532338
5debea795b07621e1f90532e18f96145,49,5,0.10204081632653061
5f1dc28029d2c244352a68107ec2b542,125,10,0.08
5f2684dab12e59f83bef73ae57724e45,91,24,0.26373626373626374
5f3ae9136c875522250f8184f253413a,46,1,0.021739130434782608
5f5b43b2bffa8656e4bc6efeb13cc649,31,2,0.06451612903225806
602044f2c16190c2c6e45eb35c2e21cb,67,33,0.4925373134328358
6039e27294dc75811c0d8a39069f52c0,132,15,0.11363636363636363
6061155addc1e54b4cfb51c1c2a32ad8,55,1,0.01818181818181818
609e1a9a6c2539919b8205cf7c4e6ff0,144,36,0.25
612170e34b97004b3ba37eae81836b4c,125,8,0.064
620c87c171fb2a6dd6e8bb4dec959fc6,907,134,0.14773980154355015
624f4ece8da4aafb77699233d480f8ef,54,7,0.12962962962962962
6288c69c4ce638e59925e59193f98b16,21,1,0.047619047619047616
62c50c1af4dfdc4149d25c5222043d39,33,20,0.6060606060606061
6338ea67c41078a46ad99cc009654956,55,2,0.03636363636363636
634964b17796e64304cadf1ad3050fb7,623,224,0.3595505617977528
638cba8be1fb599bbb76fd6948351eb3,38,1,0.02631578947368421
63b464dbf392c7b80d12d932fa7cafed,54,9,0.16666666666666666
640e21a7d01df7614a3b4923e990d40c,181,17,0.09392265193370165
6426d21aca402a131fc0a5d0960a3c90,26,2,0.07692307692307693
643214e62b870443ccbe55ab29a4dccf,72,3,0.041666666666666664
6481e96574816ead57975da2c0f6d80d,87,6,0.06896551724137931
655220df33262c7e0c4949a147366f94,21,2,0.09523809523809523
6560211a19b47992c3666cc44a7e94c0,2190,365,0.16666666666666666
6562efe88ce0826a4ca4f189f03b4b84,72,1,0.013888888888888888
656591be56071d4c9ef4e5fee78a578a,25,0,0.0
65a7c0788e4d632ccb5e1b594b87f0bb,25,0,0.0
65b081a070633e057c462abdd6fb9dd8,24,2,0.08333333333333333
65febd49fd28ec955651299159b1f527,52,11,0.21153846153846154
66922902710d126a0e7d26b0e3805106,169,9,0.05325443786982249
669ae81880e08f269a64487cfb287169,262,41,0.15648854961832062
66dc1b1632bd6a3e508510c5b3492107,60,27,0.45
66e0557ecc2b4dbea057e93f215f68d8,33,5,0.15151515151515152
66fd84ee7528c0c0de85d0f44a73d5ab,47,27,0.574468085106383
670c26e0f1bf8d0576271d5cfaec6d2b,112,6,0.05357142857142857
671585f5a2af58b6e276bc01003c0d2b,27,1,0.037037037037037035
679769a98cfcc6da877c8486ff1c13f3,21,1,0.047619047619047616
67bf6941ba2f1fa1d02c375766bc3e53,35,1,0.02857142857142857
6806dad1da97bfb5a9038eac6881f706,36,2,0.05555555555555555
681fce914360217db47784ae28905a96,23,6,0.2608695652173913
6860153b69cc696d5dcfe1cdaaafcf62,114,14,0.12280701754385964
6861de0f40cacb0602e473c51639f980,20,16,0.8
688756f717c462a206ad854c5027a64a,161,28,0.17391304347826086
6973a06f484aacf400ece213dbf3d946,152,49,0.3223684210526316
6a0cbc8af2e8abd1bdfb777943d174c6,34,4,0.11764705882352941
6a38087bc8ad4f89ff453561005f6dea,56,0,0.0
6a51fc556dab5f766ced6fbc860bc613,47,4,0.0851063829787234
6a8a889bde935bafa76d7848782dfaf9,40,6,0.15
6a8b085f816a1f75f92dbac6eb545f8f,150,16,0.10666666666666667
6aa3928696eab49a19a466e665a649fd,28,2,0.07142857142857142
6b15924333bd1a741595fe981ea04822,23,0,0.0
6b243f80ed07b10f0e8aa0f21a205f3c,124,47,0.3790322580645161
6b333a05bf188ef3e1f1662a86bd9855,30,1,0.03333333333333333
6b3bd31ad8fcda4b2635ec9f3ff2ecdf,62,18,0.2903225806451613
6b536a23086fba0d58c08d68814397f6,30,6,0.2
6b803197e03abd5056b4313306b4f29d,24,0,0.0
6b90f847357d8981edd79a1eb1bf0acb,57,3,0.05263157894736842
6c177e38df6d3f34182b1f1d427231bf,58,7,0.1206896551724138
6c7d50c24b3ccd2fd83b44d8bb34e073,166,8,0.04819277108433735
6cd68b3ed6d59aaa9fece558ad360c0a,166,5,0.030120481927710843
6d66611d7c44cc30ce351abc49a68421,195,35,0.1794871794871795
6d803cb79cc31c41c4c789a75933b3c7,85,5,0.058823529411764705
6d988d6174a2c27441597174f8905515,44,3,0.06818181818181818
6df688df543f90e9b38f4319e75a9d88,80,2,0.025
6e1862e15f33d9994bc25922a85e1efc,30,1,0.03333333333333333
6e386f64c84e482f0b9abf960797ee1b,28,1,0.03571428571428571
6ec1a01e866584bb679eb9b098345919,30,4,0.13333333333333333
6edacfd9f9074789dad6d62ba7950b9c,244,20,0.08196721311475409
6f892e20a171e98efe17fdb971ff319b,73,23,0.3150684931506849
6fc26fe110feebd80a433e1f012a84f9,199,19,0.09547738693467336
6fd52c528dcb38be2eea044946b811f8,91,30,0.32967032967032966
7008613ea464bad5cb9b83456e1e6a8f,257,15,0.058365758754863814
701938c450705b8ae65fc923b70f35c7,245,64,0.2612244897959184
7040e82f899a04d1b434b795a43b4617,274,88,0.32116788321167883
709e16e2b25c7474d980076c6bfc4806,145,1,0.006896551724137931
70a12e78e608ac31179aea7f8422044b,377,77,0.20424403183023873
70c27847eca8195c983ed7e798c56743,155,24,0.15483870967741936
70eea00b476a314817cefde4aad4f89a,124,13,0.10483870967741936
71039d19d4303bf9054d69e9a9236699,44,15,0.3409090909090909
710e3548e02bc1d2831dfc4f1b5b14d4,152,43,0.28289473684210525
712e6ed8aa4aa1fa65dab41fed5737e4,106,37,0.3490566037735849
7139dc5186aa238b006e066d8fbab2e4,27,4,0.14814814814814814
7142540dd4c91e2237acb7e911c4eba2,347,46,0.13256484149855907
71593c7413973a1e160057b80d4958f6,49,4,0.08163265306122448
715bbd5ba4e6b74cb0d2f29eb45058b0,89,4,0.0449438202247191
7178f9f4dd81dcef02f62acdf8151e01,255,42,0.16470588235294117
718539d38d07dd351c76db862760e2e2,64,16,0.25
71dc18fd8cbf5fd77f45dd8b427abb34,25,0,0.0
7202e2ba20579a9bd1acb29e61fe71f6,61,11,0.18032786885245902
7210cd29727d674c00741e5e387b3ccd,27,16,0.5925925925925926
725c32fa80c2faacc4fc88450d27314e,95,2,0.021052631578947368
7299e27ed73d2ad986de7f7c77d919fa,440,29,0.0659090909090909
729b2d09b2a0bdab221076327f13d050,96,5,0.052083333333333336
729f06993dac8e860d4f02d7088ca48a,165,10,0.06060606060606061
72c5da29406b4234927b81855e7b64f6,31,4,0.12903225806451613
730937bf88cb151eb2eb849f642fc213,36,2,0.05555555555555555
73a63f72308aa20a46f4b1632018f196,54,2,0.037037037037037035
744dac408745240a2c2528fb1b6028f3,108,4,0.037037037037037035
750303a20e9c56b2a6bc45cdce0b897d,73,5,0.0684931506849315
751bdc4d83a466c7206cd42e8f426b03,127,57,0.44881889763779526
7586919161935337bf6b6d7ff5779648,54,38,0.7037037037037037
75a4764c108403a7a0575140cb22287c,23,0,0.0
75d34ebb1bd0bd7dde40dd507b8169c3,110,21,0.19090909090909092
75fbb52eda0cbc24f479d3b2fbfa8d3e,42,3,0.07142857142857142
7681ef142fd2c19048da7430856b5588,124,19,0.1532258064516129
76c47a299e4a8fe992316a85865acbe9,22,0,0.0
76d5af76d0271110f9af36c92573f765,213,33,0.15492957746478872
76d64c4aca3a7baf218bf93ef7fa768d,89,25,0.2808988764044944
7722b1df1b0e383e000397b2c11e3e19,175,19,0.10857142857142857
77530e9772f57a62c906e1c21538ab82,553,113,0.20433996383363473
77a515caa36327151d1cc6c32a9f00e1,26,2,0.07692307692307693
784ba75dd9d20200c4caed3d7a77141a,26,11,0.4230769230769231
78c99c6dff4eeae5be99bf635ed21e3f,53,4,0.07547169811320754
7901646fdd36a55f564ffaf2dbccaaf7,33,3,0.09090909090909091
79a679c36c08d606b3fd47ead9de109b,21,5,0.23809523809523808
79ebd9a61bac3eaf882805ed4ecfa12a,145,22,0.15172413793103448
79ed755314cfe6df0daef2c6cd3022cd,26,0,0.0
7a241947449cc45dbfda4f9d0798d9d0,144,86,0.5972222222222222
7a67c85e85bb2ce8582c35f2203ad736,1233,131,0.10624493106244931
7aa4334be125fcdd2ba64b3180029f14,293,57,0.1945392491467577
7ad32824caee82087b3e2e5f33b1bf32,207,42,0.2028985507246377
7ade73f1b9b4e965f9009a4c3a7e2c15,32,0,0.0
7b07b3c7487f0ea825fc6df75abd658b,100,10,0.1
7b0df942f46435babab05d49b744b2c4,46,2,0.043478260869565216
7b1222c3624aa89b9558b50a2594188c,22,2,0.09090909090909091
7b7f91e98f8c6def45a1407923304402,26,17,0.6538461538461539
7bac63f6603d382cc8d0832eb6c100a8,22,2,0.09090909090909091
7c5b05cbdb5542049f38d90d7815b97d,23,2,0.08695652173913043
7c67e1448b00f6e969d365cea6b010ab,2877,925,0.32151546750086896
7d13fca15225358621be4086e1eb0964,627,113,0.18022328548644337
7d456afc660226829370f3173d14520c,164,15,0.09146341463414634
7d76b645482be4a332374e8223836592,210,32,0.1523809523809524
7dc8c42cc750eeafea6c85712ffee9bf,86,8,0.09302325581395349
7ddcbb64b5bc1ef36ca8c151f6ec77df,388,82,0.211340206185567
7e1fb0a3ebfb01ffb3a7dae98bf3238d,205,25,0.12195121951219512
7e3f87d16fb353f408d467e74fbd8014,96,11,0.11458333333333333
7e93a43ef30c4f03f38b393420bc753a,335,27,0.08059701492537313
7ea5bfa6c340f58f8e71fc1f0412b0d6,123,18,0.14634146341463414
7ecd59e5e20407131822c1a68ac59c1f,46,2,0.043478260869565216
7f152321c60a266edc53af1925ef96c1,20,5,0.25
7f2617c58d5d06806987308b45654351,25,3,0.12
7f5e4d5efad7e44b91115dd1decb65f3,41,0,0.0
7f7b8245c336066a1f9933c359f11d77,55,3,0.05454545454545454
808d4348b916efa08e766ebad39f61eb,21,2,0.09523809523809523
8090490573c6c0aa343a7231ebcb8c86,27,4,0.14814814814814814
80e6699fe29150b372a0c8a1ebf7dcc8,104,7,0.0673076923076923
813348c996469b40f2e028d5429d3495,244,46,0.1885245901639344
81336a0f57a33776419727a300249e90,24,8,0.3333333333333333
8160255418d5aaa7dbdc9f4c64ebda44,463,99,0.21382289416846653
817245bcc3badd82bbd222e0366951a6,84,5,0.05952380952380952
81a1104df0f08b59c68aa5b03cfe398e,73,5,0.0684931506849315
81f89e42267213cb94da7ddc301651da,72,19,0.2638888888888889
821fb029fc6e495ca4f08a35d51e53a5,27,7,0.25925925925925924
822166ed1e47908f7cfb49946d03c726,351,52,0.14814814814814814
827f8f69dfa529c561901c4f2e0f332f,111,15,0.13513513513513514
82bd0703a4aefd6b599e5bfdaed378fb,32,12,0.375
82cb9f452fe8334df74b22d37824b431,24,0,0.0
82e0a475a88cc9595229d8029273f045,222,81,0.36486486486486486
834f3294fba9f932f56edc879193f925,67,3,0.04477611940298507
834f8533b2ecb6598dd004ff3de7203a,53,9,0.16981132075471697
835f0f7810c76831d6c7d24c7a646d4d,54,22,0.4074074074074074
8378eb36b6b70c5734e83ad7b8cdc3b7,29,10,0.3448275862068966
83deb69e889cf80f82be1dc6d5f2d486,46,6,0.13043478260869565
83e197e95a1bbabc8c75e883ed016c47,77,1,0.012987012987012988
8444e55c1f13cd5c179851e5ca5ebd00,146,77,0.5273972602739726
845e8036c3f7bf62099352f5ed910240,37,14,0.3783783783783784
850913d59ce317156b00f3705f1c3edb,32,12,0.375
850f4f8af5ea87287ac68de36e29107f,199,22,0.11055276381909548
855668e0971d4dfd7bef1b6a4133b41b,336,76,0.2261904761904762
8581055ce74af1daba164fdbd55a40de,465,49,0.1053763440860215
85d9eb9ddc5d00ca9336a2219c97bb13,568,52,0.09154929577464789
8602a61d680a10a82cceeeda0d99ea3d,26,3,0.11538461538461539
8648b1e89e9b349e32d3741b30ec737e,114,18,0.15789473684210525
86ccac0b835037332a596a33b6949ee1,362,116,0.32044198895027626
870d0118f7a9d85960f29ad89d5d989a,99,7,0.0707070707070707
87142160b41353c4e5fca2360caf6f92,458,37,0.08078602620087336
88460e8ebdecbfecb5f9601833981930,442,138,0.31221719457013575
888faa8bfb0b159c37de6d898b961c31,31,10,0.3225806451612903
891071be6ba827b591264c90c2ae8a63,108,30,0.2777777777777778
8931a84a914b3fe9b1ddaa4d704947ca,39,16,0.41025641025641024
897060da8b9a21f655304d50fd935913,710,239,0.33661971830985915
89bc797e2e29667aa035d4368f9b7f92,25,3,0.12
8a130737016f838139d31878787a39c9,88,7,0.07954545454545454
8a32e327fe2c1b3511609d81aaf9f042,321,36,0.11214953271028037
8a432f4e5b471f8da497d7dc517666e2,125,15,0.12
8ab42aa58097fd4668d60cc648225d5f,34,4,0.11764705882352941
8ae520247981aa06bc94abddf5f46d34,70,7,0.1
8b2492b7ff4468839593fafeed55bad9,106,22,0.20754716981132076
8b28d096634035667e8263d57ba3368c,191,46,0.24083769633507854
8b321bb669392f5163d04c59e235e066,1202,247,0.20549084858569053
8b9d6eec4a7eb7d0f9d579ce0b38324d,62,8,0.12903225806451613
8bb48dc19fccaa8613b6229bf7f452a2,129,12,0.09302325581395349
8bd0e3abda539b9479c4b44a691be1ec,39,35,0.8974358974358975
8bd0f31cf0a614c658f6763bd02dea69,39,3,0.07692307692307693
8c16d1f32a54d92897cc437244442e1b,138,12,0.08695652173913043
8c5e007d7bd5693fa1386ffefbc99f6c,88,16,0.18181818181818182
8cbac7e12637ed9cffa18c7875207478,141,10,0.07092198581560284
8cc6a0e5738e61a87b03c78b2ba9db4b,25,1,0.04
8d79c8a04e42d722a75097ce5cbcf2ef,36,3,0.08333333333333333
8d899e15a5925f097cca50faa49b15e3,42,36,0.8571428571428571
8d956fec2e4337affcb520f56fd8cbfd,294,40,0.1360544217687075
8e6cc767478edae941d9bd9eb778d77a,139,21,0.1510791366906475
8e6d7754bc7e0f22c96d255ebda59eba,638,555,0.8699059561128527
8e8a7ce9f2f970dc00e2acf6f6e199f6,67,8,0.11940298507462686
8ed8ea9a57c862f2c18c2fe41f601d56,20,1,0.05
8f119a0aee85c0c8fc534629734e94fd,91,9,0.0989010989010989
8f2ce03f928b567e3d56181ae20ae952,228,30,0.13157894736842105
8f78f0903005064036736c7173a5c2ed,41,18,0.43902439024390244
8fdca8e349553f99bc738833a62c8802,48,2,0.041666666666666664
8ff38bc3969e67c36c48343a07090f66,48,16,0.3333333333333333
900ba814c251a692506d7834c1218441,87,8,0.09195402298850575
903037660cf848a717166eb7a06d616e,91,23,0.25274725274725274
9140bd1d9de28b197dce077bdd687438,68,0,0.0
916748bc99315c2d202898ae58b1617e,57,2,0.03508771929824561
916c9de0b5ad957346eeeb12f332687e,44,4,0.09090909090909091
91f848e9f4be368f4318775aac733370,89,2,0.02247191011235955
921323538c9f1c4e816f2720eac02bea,22,2,0.09090909090909091
92d14edfb62ee5ae7fdff70b0f4e7233,35,26,0.7428571428571429
92eb0f42c21942b6552362b9b114707d,440,75,0.17045454545454544
93dc87703c046b603023e75222018b45,34,3,0.08823529411764706
94144541854e298c2d976cb893b81343,112,9,0.08035714285714286
94e93ce877be27a515118dbfd2c2be41,47,7,0.14893617021276595
951e8cef368f09bb3f3d03c00ca4702c,79,8,0.10126582278481013
955fee9216a65b617aa5c0531780ce60,2138,459,0.2146866230121609
9596c870880d900012f2e8e6e30d06d7,29,1,0.034482758620689655
95e03ca3d4146e4011985981aeb959b9,240,43,0.17916666666666667
95ec4458365c4d11f452ccf538377619,32,4,0.125
95f83f51203c626648c875dd41874c7f,130,93,0.7153846153846154
960945e1a9535cbc0cd6ddd35fbe7ae8,31,0,0.0
9616352088dcf83a7c06637f4ebf1c80,111,13,0.11711711711711711
9646c3513289980f17226a2fc4720dbd,106,28,0.2641509433962264
96493fab2fbb13a14d0c0e8772eef5c3,71,16,0.22535211267605634
966cb4760537b1404caedd472cc610a5,68,8,0.11764705882352941
9674754b5a0cb32b638cec001178f799,144,28,0.19444444444444445
96804ea39d96eb908e7c3afdb671bb9e,45,13,0.28888888888888886
972d0f9cf61b499a4812cf0bfa3ad3c4,94,46,0.48936170212765956
973f21788dfab357250f69a8dcb7ddee,33,13,0.3939393939393939
974cf2cb8f4b7add98709c30df02fe10,30,3,0.1
977f9f63dd360c2a32ece2f93ad6d306,27,4,0.14814814814814814
9803a40e82e45418ab7fb84091af5231,24,10,0.4166666666666667
98dac6635aee4995d501a3972e047414,753,196,0.2602921646746348
99002261c568a84cce14d43fcffb43ea,37,6,0.16216216216216217
9906e7aa42a3c067b7c9a564d01c4320,30,16,0.5333333333333333
994f04b3718c2bab35c2adfa8afecd2a,78,2,0.02564102564102564
99a25c39b28a74d1151c35c18d178292,36,0,0.0
99a54764c341d5dc80b4a8fac4eba3fb,181,22,0.12154696132596685
99eaacc9e6046db1c82b163c5f84869f,63,11,0.1746031746031746
9add47bf45ce8e8c7db6b9cf670b1e09,47,3,0.06382978723404255
9b00ed88b7fdb95d6ff76e27c1b52d16,59,3,0.05084745762711865
9b013e03b2ab786505a1d3b5c0756754,349,93,0.2664756446991404
9baf5cb77970f539089d09a38bcec5c3,34,2,0.058823529411764705
9bcdfa7b615b3abb9461d9e3ad9886ae,54,1,0.018518518518518517
9c0e69c7bf2619675bbadf47b43f655a,297,52,0.1750841750841751
9d4db00d65d7760644ac0c14edb5fd86,113,4,0.035398230088495575
9d5604a1f112324ad6b2aa552122e0fb,25,7,0.28
9d5a9018aee56acb367ba9c3f05d1d6a,127,9,0.07086614173228346
9d7a1d34a5052409006425275ba1c2b4,28,16,0.5714285714285714
9dda5bbacd45e18d6485fee649205d09,22,3,0.13636363636363635
9de4643a8dbde634fe55621059d92273,108,8,0.07407407407407407
9e6229250fedbe05838fef417b74e7fb,86,14,0.16279069767441862
9f50216bfd01913736a55a11b55ea842,23,1,0.043478260869565216
9f505651f4a6abe901a56cdc21508025,635,59,0.09291338582677165
a066df7361163e7ddc5d7452dd17448b,21,2,0.09523809523809523
a08692680c77d30a0b4280da5df01c5a,43,0,0.0
a1043bafd471dff536d0c462352beb48,886,108,0.12189616252821671
a1474fd46fd3430168f7ec202da39408,20,1,0.05
a17f621c590ea0fab3d5d883e1630ec6,102,16,0.1568627450980392
a23266650e7c84bb93fbbba502137478,28,13,0.4642857142857143
a2e874074c877c5a05abae80ad6e488f,49,6,0.12244897959183673
a2fa0bdc798ee84cdb08281337cf4fb6,23,0,0.0
a35124e2d763d7ca3fbe3b97d143200f,20,0,0.0
a369d693961cb93b61ca2cc518872a85,44,2,0.045454545454545456
a36b125ac6d5fdbc7f50de85c9157bdc,31,3,0.0967741935483871
a3a38f4affed601eb87a97788c949667,285,23,0.08070175438596491
a3b42d266fa8afc874b909422ce88582,36,0,0.0
a3dd39f583bc80bd8c5901c95878921e,50,1,0.02
a3e9a2c700480d9bb01fba070ba80a0e,180,25,0.1388888888888889
a3f0b55de503387383c7b1de3ad7f678,29,3,0.10344827586206896
a416b6a846a11724393025641d4edd5e,207,27,0.13043478260869565
a420f60ff1aa9acc80d0e42959f2b313,75,13,0.17333333333333334
a425f92c199eb576938df686728acd20,20,2,0.1
a49928bcdf77c55c6d6e05e09a9b4ca5,126,61,0.48412698412698413
a5a1bfcf728ab0e19182959cf0771ee4,31,1,0.03225806451612903
a5cba26a62b8b4d0145b68b841e62e7f,55,2,0.03636363636363636
a673821011d0cec28146ea42f5ab767f,170,37,0.21764705882352942
a6fe7de3d16f6149ffe280349a8535a0,64,8,0.125
a7f13822ceb966b076af67121f87b063,106,23,0.2169811320754717
a8739afb32aaa45e01815ca76f76f54b,20,9,0.45
a888faf2d1baececa6baf9c3d603ee1f,56,8,0.14285714285714285
a938325a4b357fd23a6a4d5bb126408e,28,5,0.17857142857142858
aac29b1b99776be73c3049939652091d,275,61,0.22181818181818183
aae3bfea055532c57fb453ed3ec80b30,56,14,0.25
aaed1309374718fdd995ee4c58c9dfcd,119,17,0.14285714285714285
aafe36600ce604f205b86b5084d3d767,155,15,0.0967741935483871
ab27bbbad5239bc31a34709275a70db4,53,0,0.0
aba1721a889e04decc910aa13b768ef4,101,9,0.0891089108910891
abcd2cb37d46c2c8fb1bf071c859fc5b,59,1,0.01694915254237288
abe42c5d03695b4257b5c6cbf4e6784e,48,8,0.16666666666666666
ac3508719a1d8f5b7614b798f70af136,103,3,0.02912621359223301
acce39e832338debb07b02385cde5967,44,3,0.06818181818181818
aced59e9b31ef866a94f9e7f29d8d418,82,4,0.04878048780487805
acf974e4d5950ad143a247471b831eb9,37,0,0.0
ad420dd0c4f92f8af951ac24b86d0cf5,45,7,0.15555555555555556
ad75519a07f039025e83795a4418470f,33,16,0.48484848484848486
ad781527c93d00d89a11eecd9dcad7c1,38,13,0.34210526315789475
ad97a199236354e53fcd91a5a913e9a2,20,1,0.05
adbc26658d6c7b4b6219f9d934598091,99,18,0.18181818181818182
adcf50477d6a1f5d91bb9d54c4903cb5,73,28,0.3835616438356164
af3ef48d0e13835e529c29ac573c63e5,22,5,0.22727272727272727
af4a0e4cfe1d9c26b6712b1be25a72e5,29,9,0.3103448275862069
afa6714acee029b2dfdf357e5579cc03,20,5,0.25
afe0067131b73e40875c9b6c10bd2e21,46,5,0.10869565217391304
b14db04aa7881970e83ffa9426897925,152,25,0.16447368421052633
b17b679f4f5ce2e03ce6968c62648246,55,12,0.21818181818181817
b18871c324516afa228a13e8f1ef0ae9,89,13,0.14606741573033707
b18dc380845b24038cfc48006478f099,61,4,0.06557377049180328
b1a81260566c1bac3114a6d124413f27,60,11,0.18333333333333332
b1ac6ea7895bc3dd6f0f6f4abbdd2821,38,1,0.02631578947368421
b1fc4f64df5a0e8b6913ab38803c57a9,179,28,0.1564245810055866
b1fecf4da1fa2689bccffa0121953643,32,0,0.0
b2479f944e1b90cf8a5de1bbfde284d6,201,79,0.39303482587064675
b2a6d334e2833acea353624840e25a0e,29,2,0.06896551724137931
b2ac621f0d0322434d04a12b078b9369,30,2,0.06666666666666667
b2ba3715d723d245138f291a6fe42594,429,44,0.10256410256410256
b32be1695eb7ec5f10f72d9610a12527,47,5,0.10638297872340426
b335c59ab742f751a85db9c411a86739,45,4,0.08888888888888889
b33e7c55446eabf8fe1a42d037ac7d6d,159,22,0.13836477987421383
b347677812ea483b0f528eaf8cbc09b7,20,1,0.05
b372ee768ed69e46ca8cdbd267aa7a38,75,7,0.09333333333333334
b37c4c02bda3161a7546a4e6d222d5b2,85,84,0.9882352941176471
b39d7fe263ef469605dbb32608aee0af,59,12,0.2033898305084746
b3b17aab11f273023a5f22ca52e1eb70,27,0,0.0
b410bdd36d5db7a65dcd42b7ead933b8,43,0,0.0
b44dbfbf62e52125f3c15d230569ea91,28,0,0.0
b494891378bd8f4560abe576c52deacd,21,1,0.047619047619047616
b499c00f28f4b7069ff6550af8c1348a,294,33,0.11224489795918367
b4a476fbd28de64b1e347abf9089366a,52,18,0.34615384615384615
b4f8921fcc4ff77b66bea6dda43dcd51,22,2,0.09090909090909091
b4ffb71f0cb1b1c3d63fad021ecf93e1,211,31,0.14691943127962084
b561927807645834b59ef0d16ba55a24,104,9,0.08653846153846154
b56906f7fd1696e043f1bcce164c487b,48,11,0.22916666666666666
b64d51f0435e884e8de603b1655155ae,24,1,0.041666666666666664
b6d44737c043328708f6749c2dbe50bd,150,5,0.03333333333333333
b74d1c09cb380e1d03a6f859c6f4224b,41,4,0.0975609756097561
b76dba6c951ab00dc4edf0a1aa88037e,189,22,0.1164021164021164
b839e41795b7f3ad94cc2014a52f6796,44,6,0.13636363636363635
b83cedfb587e7911540e3f576d6917ce,28,3,0.10714285714285714
b8555308bfdb4ca1ed54325a58da9a97,32,3,0.09375
b8bc237ba3788b23da09c0f1f3a3288c,53,3,0.05660377358490566
b90e891671cffd9557f33a97dc523645,49,12,0.24489795918367346
b92e3c8f9738272ff7c59e111e108d7c,89,17,0.19101123595505617
b94cc9f10ddc85e4ba73a6f7974e7101,38,5,0.13157894736842105
ba143b05f0110f0dc71ad71b4466ce92,91,7,0.07692307692307693
ba90964cff9b9e0e6f32b23b82465f7b,42,3,0.07142857142857142
bacb1f0ed56ad24198f5810d2b3fe9a5,37,3,0.08108108108108109
bb135baca94c82fcb731335ad5b04a03,124,74,0.5967741935483871
bba74270a87732727b5a3b4fd9ac1c39,55,23,0.41818181818181815
bbad7e518d7af88a0897397ffdca1979,150,85,0.5666666666666667
bc2ac6b95e1accce9858528ee566c17e,26,2,0.07692307692307693
bc47d5d1490df2b36add65d733eafaba,24,6,0.25
bc503e244f187939d10c92a5c8e378ce,49,2,0.04081632653061224
bccf933e006e9b94a6184af782963e77,47,3,0.06382978723404255
bd0389da23d89b726abf911cccc54596,103,10,0.0970873786407767
bd23da7354813347129d751591d1a6e2,90,14,0.15555555555555556
bd4889b5e9133b35b66e42a8665cea5c,66,3,0.045454545454545456
bd697db56ff8e7c9cd1abeb7f72029b2,32,3,0.09375
bdae679a9b282249bc23b9b69dae9a99,28,6,0.21428571428571427
be3b4b0f050a6aa1b2d901c4b77e979f,38,36,0.9473684210526315
beadbee30901a7f61d031b6b686095ad,78,12,0.15384615384615385
bf00385a5f7fc1ef39a13c2e9ee50a5f,28,2,0.07142857142857142
bf100ecb7997df312b285358fb32f92c,21,0,0.0
bf3c6d2a28b2b5501e6c15448982dcc9,69,9,0.13043478260869565
bf84056e679dbe9c69929847a40e338f,45,9,0.2
bfd27a966d91cfaafdb25d076585f0da,123,12,0.0975609756097561
c003204e1ab016dfa150abc119207b24,215,16,0.07441860465116279
c013e57c075a06e5b5c48ee03c525719,51,4,0.0784313725490196
c0563dd588b775f2e37747ef6ad6c92c,28,4,0.14285714285714285
c1ed9e3daf6154542826a6996af0fb8c,46,1,0.021739130434782608
c26a2be5b53b7db6b276280da212a779,32,24,0.75
c31eff8334d6b3047ed34bebd4d62c36,124,21,0.1693548387096774
c33847515fa6305ce6feb1e818569f13,145,40,0.27586206896551724
c35672b10ad50968f567ea3f4b91e877,34,1,0.029411764705882353
c37b2059d4f90d4feead554e5246565e,36,5,0.1388888888888889
c3867b4666c7d76867627c2f7fb22e21,281,63,0.22419928825622776
c394e193cda3b4225ff2094d32184849,101,0,0.0
c3cfdc648177fdbbbb35635a37472c53,406,36,0.08866995073891626
c458e2045a8aa8964f8879af03fdcce6,32,5,0.15625
c60b801f2d52c7f7f91de00870882a75,41,13,0.3170731707317073
c6381d2d013342748761e906d45aff76,57,34,0.5964912280701754
c66dccfb3f109511246da627dd5a2498,44,3,0.06818181818181818
c679fb69a36e1d8349e8c50a217b4d58,24,11,0.4583333333333333
c68fb906c8f4b4b946d8386bfa6e5467,58,3,0.05172413793103448
c6a7539d424a8402232c2228d7a03c5e,31,22,0.7096774193548387
c6bda72e4dbf5c5866b13cb1810c6d03,60,5,0.08333333333333333
c70c1b0d8ca86052f45a432a38b73958,499,55,0.11022044088176353
c72de06d72748d1a0dfb2125be43ba63,24,1,0.041666666666666664
c731d18cea9bf687ffee82a241c25b11,30,10,0.3333333333333333
c79151301b9d90985d1fa52879213105,27,0,0.0
c840d3fdbba0790404fdae73d253b253,24,2,0.08333333333333333
c8417879a15366a17c30af34c798c332,86,26,0.3023255813953488
c8467937e403e76a8ee9f0ab13f6f5ef,35,5,0.14285714285714285
c847e075301870dd144a116762eaff9a,46,9,0.1956521739130435
c864036feaab8c1659f65ea4faebe1da,61,3,0.04918032786885246
c8b0e2b0a7095e5d8219575d5e7e1181,91,15,0.16483516483516483
c8b3445d737de6befde0c88ede534a5e,68,37,0.5441176470588235
c8c1bea22194a4eefa2dc9a9fa89f536,45,0,0.0
c9aafcd0621b2207c10e32c649cada4d,52,4,0.07692307692307693
c9c7905cffc4ef9ff9f113554423e671,173,18,0.10404624277456648
ca3bd7cd9f149df75950150d010fe4a2,463,101,0.21814254859611232
ca77545ca4d2dfd1431bf61334e2fa3c,20,0,0.0
cab85505710c7cb9b720bceb52b01cee,221,13,0.058823529411764705
cac4c8e7b1ca6252d8f20b2fc1a2e4af,109,32,0.29357798165137616
cac876b37d3abcd6bd76caca30277996,58,1,0.017241379310344827
cb3dd9ce66268c7a3ca7241ac70ab58c,59,6,0.1016949152542373
cb8bcce248bb1fb274ba762d8b971456,70,4,0.05714285714285714
cbd996ad3c1b7dc71fd0e5f5df9087e2,253,35,0.1383399209486166
cc3d14116804f7209f3884f6367f1152,42,1,0.023809523809523808
cc419e0650a3c5ba77189a1882b7556a,1974,265,0.1342451874366768
cc5a78bbad32776dc4e3af205218368c,42,3,0.07142857142857142
cc63f0dd2acba93ffed4fe9f8e0321fa,81,8,0.09876543209876543
cca3071e3e9bb7d12640c9fbe2301306,1052,203,0.19296577946768062
ccc4bbb5f32a6ab2b7066a4130f114e3,207,20,0.0966183574879227
cce6ab8d1682639fe45ab70234f1665f,72,5,0.06944444444444445
ccf8813e5a7d6c84d865cd38bfc2b130,27,3,0.1111111111111111
cd06602b43d8800bd0afad514919d35c,74,16,0.21621621621621623
cd68562d3f44870c08922d380acae552,151,33,0.2185430463576159
cd6efc47efaabf134f8bdb654e10b4f1,34,2,0.058823529411764705
cda598c48d7c614bc1cad7d8ff6f0010,20,4,0.2
ce248b21cb2adc36282ede306b7660e5,69,8,0.11594202898550725
ce27a3cc3c8cc1ea79d11e561e9bebb6,157,29,0.18471337579617833
ce616e1913288884e7742faac9d981db,62,0,0.0
ce69a8021d18961dd2a40269b7c2c293,21,2,0.09523809523809523
ce7d1888639e6fb06b2749cbfdac1ff7,106,31,0.29245283018867924
cea729054f157f5870bdd321a958d994,31,3,0.0967741935483871
ceaec5548eefc6e23e6607c5435102e7,218,22,0.10091743119266056
cee48807215b30a12ca2ca10ffb5f250,44,12,0.2727272727272727
cfa5ab0e4d3fc212fd0b3410e7081c62,50,3,0.06
cfb1a033743668a192316f3c6d1d2671,261,53,0.20306513409961685
cfe94489ddd337d1e29e12f2a7205d10,35,4,0.11428571428571428
d03698c2efd04a549382afa6623e27fb,34,1,0.029411764705882353
d05ae8f7a5bd1d2a690a44cd079e4e27,82,21,0.25609756097560976
d101c6da914ae3d53f7bee42283f2fe2,33,4,0.12121212121212122
d12c926d74ceff0a90a21184466ce161,177,47,0.2655367231638418
d13e50eaa47b4cbe9eb81465865d8cfc,72,2,0.027777777777777776
d1b65fc7debc3361ea86b5f14c68d2e2,42,1,0.023809523809523808
d1c281d3ae149232351cd8c8cc885f0d,298,74,0.2483221476510067
d1ef48b38baca7e831711c4a0aeb398f,48,0,0.0
d20b021d3efdf267a402c402a48ea64b,129,38,0.29457364341085274
d23019c84ffae2d5ef2270367b8605fc,39,2,0.05128205128205128
d2374cbcbb3ca4ab1086534108cc3ab7,872,251,0.28784403669724773
d25aa0aaacb370e912f8cf6efeba38b3,30,1,0.03333333333333333
d3674f271c91f824f82d24d92011f669,21,4,0.19047619047619047
d379f449f2a3b271bc01c0782020f705,34,7,0.20588235294117646
d3f39f05462b79a4562d35893a28f159,48,25,0.5208333333333334
d4a5e99e0dd915df64ba55a7fbd583fd,25,25,1.0
d4e12e7884759a14fa0f5f896c791cae,38,2,0.05263157894736842
d50d79cb34e38265a8649c383dcffd48,73,6,0.0821917808219178
d51e0a403fe2e689ece6c73359d96e12,41,1,0.024390243902439025
d566c37fa119d5e66c4e9052e83ee4ea,85,2,0.023529411764705882
d57e18d5f73c7ccb7f7339b61166898d,69,6,0.08695652173913043
d5ba419e26d246a0719437cf37d9b46d,38,8,0.21052631578947367
d624126b9206f595fb3fbb6ba03b28a8,44,0,0.0
d650b663c3b5f6fb392b6326366efa9a,59,4,0.06779661016949153
d66c305afaec317ebee552073a674429,48,0,0.0
d673a59aac7a70d8b01e6902bf090a11,95,13,0.1368421052631579
d6b1ce66b035a475f00c017792ff9769,144,37,0.2569444444444444
d71d863e5ef30d94e440c11be17dcd8f,62,11,0.1774193548387097
d8c7ba53e7e38711eaef8c2849d6d2e1,23,0,0.0
d8cf3b6a2151949f930d0252b180ec42,79,45,0.569620253164557
d91fb3b7d041e83b64a00a3edfb37e4f,559,74,0.13237924865831843
d921b68bf747894be13a97ae52b0f386,82,4,0.04878048780487805
d93919c944be9cff128f6c9cb899eacb,33,6,0.18181818181818182
d9442042130b7fe579d1295f9f4a248f,27,5,0.18518518518518517
d94a40fd42351c259927028d163af842,123,21,0.17073170731707318
d97df38225e5abadaff1e72cb72b823c,31,6,0.1935483870967742
d98eec89afa3380e14463da2aabaea72,215,31,0.14418604651162792
d9a84e1403de8da0c3aa531d6d108ba6,80,3,0.0375
d9bd94811c3338dceb4181f3dbc0c73e,82,2,0.024390243902439025
da7039f29f90ce5b4846ffc0fcc93beb,20,1,0.05
da8622b14eb17ae2831f4ac5b9dab84a,1932,334,0.17287784679089027
daeb5653dd96c1b11860f72209795012,46,5,0.10869565217391304
db2956745b3a8e9f3785c99f34b5d25e,48,12,0.25
db4350fd57ae30082dec7acbaacc17f9,167,22,0.1317365269461078
dbb9b48c841a0e39e21f98e1a6b2ec3e,144,21,0.14583333333333334
dbc22125167c298ef99da25668e1011f,501,63,0.12574850299401197
dbd66278cbfe1aa1000f90a217ca4695,158,5,0.03164556962025317
dc317f341ab0e22f39acbd9dbf9b4a1f,66,13,0.19696969696969696
dc4a0fc896dc34b0d5bfec8438291c80,288,61,0.21180555555555555
dc8798cbf453b7e0f98745e396cc5616,55,17,0.3090909090909091
dd2bdf855a9172734fbc3744021ae9b9,118,28,0.23728813559322035
dd533b429f380718b70ad9922c294bae,57,6,0.10526315789473684
dd55f1bb788714a40e7954c3be6df745,42,7,0.16666666666666666
dd7ddc04e1b6c2c614352b383efe2d36,172,32,0.18604651162790697
ddd51ae8cda92f3995a51fc0f0f3eec7,83,0,0.0
de0c78824586e9a5f5f04fd84e25df39,20,4,0.2
de23c3b98a88888289c6f5cc1209054a,194,26,0.13402061855670103
de722cd6dad950a92b7d4f82673f8833,515,109,0.21165048543689322
dee656f0f566ed1aa85bd137c943f08f,101,8,0.07920792079207921
df560393f3a51e74553ab94004ba5c87,39,2,0.05128205128205128
df56d7b40d437f88407c5f78b63bc328,30,7,0.23333333333333334
dfa0c4c6229ab200a4a1336b4d7128ff,105,18,0.17142857142857143
dfc475d54e1b6dbeeb7d7d9bdaa63827,24,2,0.08333333333333333
dfc5fb7259bb2b599ca565e6e9448f0f,37,3,0.08108108108108109
e067ad2c1c0b48758eb1b5228bcf7a68,79,9,0.11392405063291139
e06f09ec0a4aca210779cf1cfc63cf19,42,5,0.11904761904761904
e0878efa0e0b7e5313ac0b43bc04c081,31,10,0.3225806451612903
e0a366315b1b726b6c7832d664c0f530,71,9,0.1267605633802817
e21a1e8be4715b0fcfd5385643bc49c4,23,5,0.21739130434782608
e24d3429d294b2eb200b064ebb035879,28,5,0.17857142857142858
e24fc9fcd865784fb25705606fe3dfe7,61,6,0.09836065573770492
e250d617a0ad591ba9bd663e584a895d,62,38,0.6129032258064516
e26901d5ab434ce92fd9b5c256820a4e,246,33,0.13414634146341464
e2aee0892199b1d92530e371abd825bf,46,9,0.1956521739130435
e333046ce6517bd8bb510291d44f0130,89,6,0.06741573033707865
e38db885400cd35c71dfd162f2c1dbcf,35,2,0.05714285714285714
e48b04bf1aa1ef711caebeb7aede6180,21,1,0.047619047619047616
e48cc16ab70bfa09e1401740dce0b3d7,23,10,0.43478260869565216
e49c26c3edfa46d227d5121a6b6e4d37,43,2,0.046511627906976744
e5475dcab1e07b63d7f6e902d8f5eda8,24,3,0.125
e59aa562b9f8076dd550fcddf0e73491,166,7,0.04216867469879518
e5a3438891c0bfdb9394643f95273d8e,201,44,0.21890547263681592
e5a38146df062edaf55c38afa99e42dc,134,24,0.1791044776119403
e5e33c0d8e7e002f398f5dc4cbbb338f,29,1,0.034482758620689655
e62b2d6ac10570a035a30bafcf01d263,85,21,0.24705882352941178
e63e8bfa530fb16910dd6956e592bb81,45,4,0.08888888888888889
e6a69c4a27dfdd98ffe5aa757ad744bc,29,2,0.06896551724137931
e7d5b006eb624f13074497221eb37807,444,225,0.5067567567567568
e7df4cd29ab5abab70fb0783ddb53987,25,2,0.08
e819bcfade7b5d88a27325eb6cfd62c5,31,16,0.5161290322580645
e84ad2127668df3aafc6b73531a0beb8,33,2,0.06060606060606061
e882b2a25a10b9c057cc49695f222c19,62,3,0.04838709677419355
e883aa812c37a7413226856f4579fe91,36,9,0.25
e89c4adbe7b1d0819dbb636e16461cf1,27,4,0.14814814814814814
e8a85b5f3df47be0984c55fd4064dbb4,46,1,0.021739130434782608
e8b3a3a38279a82f0e5d006d5e5b7d2c,99,21,0.21212121212121213
e8b4225284fbb02d16f200513f1f395d,31,1,0.03225806451612903
e8f6dc8e6a1dcde89d20e3995c8d90b3,52,16,0.3076923076923077
e9511df20ccd82658a30c37b7fb343af,50,2,0.04
e96498ed8daaa3e9c23f7a62da76591c,36,8,0.2222222222222222
e9779976487b77c6d4ac45f75ec7afe9,995,135,0.135678391959799
e99e927c81e3f51739c94fcdfca9f10f,34,7,0.20588235294117646
e9bc59e7b60fc3063eb2290deda4cced,425,90,0.21176470588235294
e9d99831abad74458942f21e16f33f92,226,32,0.1415929203539823
ea566164622c6b439516ab18062c42cd,60,15,0.25
ea65d8b58316a6f2362f2a9e4b3e86ad,52,37,0.7115384615384616
ea67327e24487bdfac5fbfa37ea124df,37,8,0.21621621621621623
ea8482cd71df3c1969d7b9473ff13abc,1287,212,0.16472416472416473
eb5b6204dde3a6e03b5f1bb8479f055b,31,5,0.16129032258064516
ebd2d60905fb58271facef5596b620d3,88,8,0.09090909090909091
ec4608a1f76453166bb312b2968aeaf4,66,40,0.6060606060606061
ec8463980a4e0ea9f8517aea1ed0c419,40,0,0.0
ec8879960bd2221d5c32f8e12f7da711,35,4,0.11428571428571428
ececbfcff9804a2d6b40f589df8eef2b,111,14,0.12612612612612611
ed4311e67debd72b8610a5347a743087,29,4,0.13793103448275862
ed4acab38528488b65a9a9c603ff024a,71,17,0.23943661971830985
ed859002ad59dbf8cf3602696a6c3000,27,1,0.037037037037037035
edb1ef5e36e0c8cd84eb3c9b003e486d,213,15,0.07042253521126761
ede0c03645598cdfc63ca8237acbe73d,53,12,0.22641509433962265
edf96ef93ed595084bbcbd9224bd2894,37,6,0.16216216216216217
eeb6de78f79159600292e314a77cbd18,87,6,0.06896551724137931
eed78ac17f7f795a19a709745f00cd4e,214,102,0.4766355140186916
ef0ace09169ac090589d85746e3e036f,161,19,0.11801242236024845
ef2fbc2b607d8492bcffe657a4645434,25,4,0.16
ef506c96320abeedfb894c34db06f478,363,64,0.1763085399449036
ef990a83bbea832f36ebe81376335aa8,46,11,0.2391304347826087
efcd8d2104f1a05d028af7bad20d974b,57,4,0.07017543859649122
f00e21b1e91a79653163b7fd8f293ff1,30,4,0.13333333333333333
f0837c8d71434931d9e38e7b79234797,27,0,0.0
f08a5b9dd6767129688d001acafc21e5,54,36,0.6666666666666666
f08c008c8a8d31417763738a1788a2a8,23,8,0.34782608695652173
f0b47fbbc6dee9aafe415a6e33051b3f,146,17,0.11643835616438356
f125f3a310c2e5f822d116147de1e474,54,1,0.018518518518518517
f12ff17ad8bbf01ec5c33b17e506649b,30,6,0.2
f181738b150df1f37cb0bd72e705b193,42,2,0.047619047619047616
f1c1ac3f3efc07e659c035008e615e66,33,16,0.48484848484848486
f1ed6bd0a9b11b581f16c851c6a5a527,21,1,0.047619047619047616
f214d28e8d8e3ef068748498ccc2f813,67,14,0.208955223880597
f262cbc1c910c83959f849465454ddd3,257,61,0.23735408560311283
f27e33c6d29b5138fa9967bcd445b6d5,110,18,0.16363636363636364
f326006815956455b2859abd58fe7e39,268,0,0.0
f3b80352b986ab4d1057a4b724be19d0,115,10,0.08695652173913043
f3da5b2ff499efb8d4a6d371d175d7dd,93,14,0.15053763440860216
f41ce2e25237f9092cd8e6e7516c7a2f,28,2,0.07142857142857142
f45122a9ab94eb4f3f8953578bc0c560,237,54,0.22784810126582278
f457c46070d02cadd8a68551231220dd,300,70,0.23333333333333334
f46490624488d3ff7ce78613913a7711,117,51,0.4358974358974359
f4aba7c0bca51484c30ab7bdc34bcdd1,129,29,0.2248062015503876
f4db9b37944bcb8873e6b456ee190bbf,25,0,0.0
f593898ec748b7a8cb81fc04edafd98a,29,13,0.4482758620689655
f5a590cf36251cf1162ea35bef76fe84,124,13,0.10483870967741936
f5b44895715ddfe3087dc414f30268f3,21,3,0.14285714285714285
f615fe7efbef0f4f08fd3086bc7a3e60,25,3,0.12
f61c63d13f7cd800549d5acdd390ae72,30,3,0.1
f62d7bb4a613ec758a03342d46b580b2,34,2,0.058823529411764705
f63d8f293af3a6454377546bd9dd19ff,62,32,0.5161290322580645
f67efa3f0b6761102a7f8c6b7b571f5d,34,2,0.058823529411764705
f680f85bee2d253556ac91be391d2c82,85,9,0.10588235294117647
f7496d659ca9fdaf323c0aae84176632,25,2,0.08
f76a3b1349b6df1ee875d1f3fa4340f0,25,8,0.32
f7720c4fa8e3aba4546301ab80ea1f1b,164,4,0.024390243902439025
f789d2c4f2c2eb38fc4373e7a4b35264,49,7,0.14285714285714285
f7ba60f8c3f99e7ee4042fdef03b70c4,309,27,0.08737864077669903
f7ccf836d21b2fb1de37564105216cc1,77,16,0.2077922077922078
f80edd2c5aaa505cc4b0a3b219abf4b8,145,19,0.1310344827586207
f84a00e60c73a49e7e851c9bdca3a5bb,137,58,0.4233576642335766
f84fa566034f5e8e880a07ec624c56af,123,13,0.10569105691056911
f8db351d8c4c4c22c6835c19a46f01b0,891,94,0.10549943883277217
f918546be4bec7104d117789ba758b2b,29,5,0.1724137931034483
f9244d45189d3a3605499abddeade7d5,20,1,0.05
f97e2b0650c2068227e1d366140eb62f,36,18,0.5
f9903dd0f812c7e771fcad47b6fff231,27,9,0.3333333333333333
fa1a9dec3a9940c072684a46728bf1fc,70,12,0.17142857142857143
fa1c13f2614d7b5c4749cbc52fecda94,598,58,0.09698996655518395
fa40cc5b934574b62717c68f3d678b6d,366,32,0.08743169398907104
fad44952713764836814be105382aee5,34,2,0.058823529411764705
fb3cfbc8a86f5d7fbb4d36b8df63f60d,22,12,0.5454545454545454
fb89df7f89fd1b8f03fa2acca1ba7364,32,7,0.21875
fc906263ca5083d09dce42fe02247800,98,9,0.09183673469387756
fcb5ace8bcc92f75707dc0f01a27d269,107,14,0.1308411214953271
fcdd820084f17e9982427971e4e9d47f,79,51,0.6455696202531646
fce62094ffe6a4009188ec44e681dfdd,39,25,0.6410256410256411
fd386aa7bed2af3c7035c65506c9b4a3,88,14,0.1590909090909091
fdaaf5bfda82b7b80535610c831b8d09,22,10,0.45454545454545453
fdb9095204a334cd8872252ffec6f2db,98,13,0.1326530612244898
fde0cc9ea29c8ccfc0a2c22256a58c71,38,4,0.10526315789473684
fe2032dab1a61af8794248c8196565c9,326,28,0.08588957055214724
febab0275244b9a49a623f0bd613ca2f,187,33,0.17647058823529413
ff063b022a9a0aab91bad2c9088760b7,101,11,0.10891089108910891
ff1fb4c404b2efe68b03350a8dc24122,59,8,0.13559322033898305
ff69aa92bb6b1bf9b8b7a51c2ed9cf8b,21,6,0.2857142857142857
ffad1e7127fb622cb64a900751590acd,31,0,0.0
ffc470761de7d0232558ba5e786e57b7,36,2,0.05555555555555555
ffdd9f82b9a447f6f8d4b91554cc7dd3,25,5,0.2
fffd5413c0700ac820c7069d66d98c89,60,13,0.21666666666666667
